podcast_id,title
bf5bf76d5b6ffbf9a31bba4480383b7f,Crime Junkie
bc5ddad3898e0973eb541577d1df8004,My Favorite Murder with Karen Kilgariff and Georgia Hardstark
bad6c91efdbee814db985c7a65199604,Wow in the World
b1a3eb2aa8e82ecbe9c91ed9a963c362,True Crime Obsessed
e6568415fd1b0c32cbefbb4cb6dc78d2,Know Your Aura with Mystic Michaela
b73a459e3b7c4c06805d29349ba3c8cc,The Daily
ef47233dcfdc0bf67681db6322b57f58,Bachelor Happy Hour
db93a05fe337aea2061b59c96e647100,The Joe Rogan Experience
d8a064bd29549ddd282ffe484fcdcc85,FantasyPros - Fantasy Football Podcast
afd327a6d5dc6c30e8db4c883f705c46,Wine & Crime
b36117b22ff78f5c98a1cb66eb13490d,And That's Why We Drink
e6dc31392a05c976072c9aa83b27f567,Ologies with Alie Ward
bede69aae211565459aceb5f7e8155d3,Pod Save America
bfe2ea080760d6108cd24516da2fc9ae,True Crime Garage
c2f3608087c2d9109b0f76a42ce880cb,Daebak Show w/ Eric Nam
da8fc675052df9f7d581cd06f5bb6940,Be There in Five
ed1d26a2f16587ec292421e188f8ee83,Girls Gotta Eat
e77cb06ed893c31e52b60f1ef18be84f,Stuff You Should Know
b9a8d90ae43232769ecc68d7defb0c38,Scared To Death
ae44a724e94dcec1616d6e695e6198ba,Something Was Wrong
a37fb116709bfdb2dd58ea4f784cb815,Mind Pump: Raw Fitness Truth
a9bdaba5449189a4587793e36ce4f704,Going West: True Crime
a23e18c73fd942fab41bcf6b6a1571da,Mile Higher
b36bc2d74d2223534570d3fbfa714466,Reply All
db7afeb73b44d1029f7e88f2db631bd8,The Bill Simmons Podcast
a95d5f7be056d9ca6fe6dacc34391565,The Way I Heard It with Mike Rowe
f529487b091b7659049b17420ae20267,Highest Self Podcast
e8be02e7d7281ba3edb77da6a9fe95cd,FiveThirtyEight Politics
d739564fca425b41c8c785d82ec64c18,Off The Vine with Kaitlyn Bristowe
ec5c7f6c13cba9cf448fc800029ce773,The Bitch Bible
b5cf7d57fdf09b9e4177a0afb8cd467f,The Glenn Beck Program
ce295a06b5c7d06a1d123cdc66fb70c7,The Ben and Ashley I Almost Famous Podcast
ce8f9cd50a43a3d46302f8fcebf40a3e,The Fighter & The Kid
a4459f8e5d22b74f24825bc2191749ba,A Date With Dateline
b4d1d1d2490ac5f5bba14498ed55e3d1,The Andrew Klavan Show
d55e7cf6f53368e69bb466d2e7e73faf,Fantastic Geeks
b9a5920d121ff4e239e6ca3b210e65e7,The Michael Knowles Show
dd506eb4fe978de9a045bae9330ad109,BASS TALK LIVE
d948cec3d3f42326ae9107df0d83ab15,Criminal
bd784d3cbca52ca91dc75784eca17039,Last Podcast On The Left
b69677f9f694bd3566eaf9fff0343784,Sleep With Me
d18048f07e38e2a022c07b4638439321,Locked On Lakers - Daily Podcast On The Los Angeles Lakers
cadc6a8ec87e011663a28ccf29035a7d,Lore
a137be8f8b4d863a2ff4490355d002ff,Good Night Stories for Rebel Girls
a25e950f1530a111b4d83b4d27b4f351,Monsters Among Us Podcast
e38650ad20c8e9d1d54807d6793072f1,Heavyweight
c4cc8397589a079425c03a04eafab41a,Fantasy Focus Football
eff0d55df3b0d1ec61b6fb87faac2398,Throughline
d34629baca14d87860276b12a6cb7a3b,LadyGang
dea99f4995b2c251cba0527e46642970,Andrea Savage: A Grown-Up Woman #buttholes
beea9ae6cbe2011ad21923572ee4598f,Absolutely Not
a627d4945f6fcfc2c9050233cbb5369a,Happier with Gretchen Rubin
e8470259376f212a2b44f4352600cfe3,Serial
da75affedf5e432198413b9a3a9bddf0,Little Stories for Tiny People: Anytime and bedtime stories for kids
bd6efdaac64b9da221f25efd4b285352,Scrubbing In with Becca Tilley & Tanya Rad
a3a535f66c7e8004e7dc54c2b2829a9e,Jocko Podcast
dfa087abaf0dd92207c499a9ed5e4451,Sibling Rivalry
a61cde11d99095d5f55c509e4729dbd1,Harris Fantasy Football Podcast
df6cb13f95aec96d9282c6fa3cf506ac,WTF with Marc Maron Podcast
e89a2cc24f1fa1138a56a532ce68ab4a,The Argument
e054ccd66e08e18eb58fb0a9a6f341d9,Radiolab
c946737844e536482a40d61b803d965a,Pod Save the World
a5416c179e94a74e61827c88e405b083,Invisibilia
eff99a5849e0b2ad6a888fa21ee35d25,Real Crime Profile
fc6a4dc50758b7a39c5aac4982862767,You Must Remember This
fa3cac03e05c1e9ec792e95e4850d7ce,Planet Money
a044f5e6a4b0893472341faf786be1fe,The Mina Kimes Show featuring Lenny
c2d08b2c67ea29272702bcc7fc9798ee,Your Favorite Thing with Wells & Brandi
f5393b43ce6c3042992ec1d481ef5bfd,The MeatEater Podcast
a24cd441f81e10932fed544b84e98133,Reality Life with Kate Casey
f06ca1ff8ba0af020cbadac6f5cff43e,Sassy Lashes
c9add5e9e81a4b3ca963adab5b87083f,The Model Health Show
f335df99185d1401ada492230b42514a,RISE podcast
a8415f138c3cc67fe6e6cfcf4eb63c59,Two Girls One Ghost
b7b4bdc0af05e557dc772b52be8cd986,Straight Up with Stassi
e21731c2d8eaf454d30bfba61b0f83e3,Las Culturistas with Matt Rogers and Bowen Yang
ba9407243dfdf7e3f129b92ca493b8d7,A Dana Perino Podcast: Everything Will Be Okay
a35f48db2e7a225eb05c77e5bb7b984d,The Ringer NBA Show
ce541149cdb26ddd6b7e7a9ef825853a,The Tim Dillon Show
ea0f9fd204175e5a668a1c4b8084d442,Potterless
d2042758dcacc179d98a76d7673065ac,Ali on the Run Show
e1a0d729eecb36b76880a8b041271ac0,In the Dark
c787e85061615f1896b5f51acd0fbb56,Cold Case Files
e6edbb3b09ab608dd57d787d28980e96,The Anthropocene Reviewed
b2801babf6c776ececa5d2960dd04257,Drew and Mike Show
e87cebeb33762a0fd09345bf468f6494,H3 Podcast
f24404be368342c830425a87dba22252,Jim Harold's Campfire
deb18c273e2ee210c39998f8575af7ae,Philosophize This!
c29449aaa596fde6a0144b29363bc979,Impaulsive with Logan Paul
f6ea6b0ac7093ad8b8a4b4e25ccaa9ba,The Church of What's Happening Now: With Joey Coco Diaz
bd1eeaa544589b34fe3056a7a60d9360,Biceps After Babies Radio
e5bdac6ee043d429cbbaff3534e4772c,Wonderful!
c6e025d501ac8cc015870e2ddefd59f5,Science Vs
c4b4a343d1131676bf592d266629d6dc,Healthier Together
d14cb939de84e57629142336a9512cab,Still Processing
c264b30523911699d50aa1022f5d536b,This Past Weekend
c648bb3380b09f9f08938c3b83d800a3,The Confessionals
ba008075aa966103590bc2dd54b23b4d,Listen Out Loud with The Loud House
f81c8201b9e4f47961987e287ac54cc0,Almost 30
bb1ee4da8321bbb9d384ceaf4890b57f,Astonishing Legends
bac9d23d77240977e7bf678852824d63,No Dunks
dfef0bcb6a279cc96d0cc2f8372b4d38,The Shrink Next Door
d5837cf33ec7ae32ab01c44428671dd7,Ear Hustle
a07a7fbbf95e85605a6b22f16660a787,White Lies
ea4b525704af18de84441d0f37244cff,Real Ghost Stories Online
a7cb6cb30c58ecc9daaf481b16428276,Common Sense with Dan Carlin
cf6b01b278eaa01a3e7bdb607ebc3d66,Root of Evil: The True Story of the Hodel Family and the Black Dahlia
f4611ddbb62e95ce0a287bfd6da597de,Joel Osteen Podcast
be3dc11b97b963b74b0b791788292aeb,Ghostrunners
e8924ba8caf832f7b1f9741f60c6f756,Very Really Good
bda31244e9514743575bfd63b1c2aa6e,TED Radio Hour
b713aa6dfcf68215a763166ee74f1c43,"expediTIously with Tip ""T.I."" Harris"
d98a808439f1a6626d404c895d977ed8,The Ron Burgundy Podcast
c5f250bd8c7263eb67bf89846d47d24b,BiggerPockets Real Estate Podcast
a69cb44bdb12676db5e07eeb8ed8a0fd,The History Chicks
dabbaae13b4355deaee27bd617089d1b,The David Banner Podcast
f4b308e75ed429602e806eb76b5a5546,Guys We F****d
f1225e5885260bbd85866dd654550ae1,Cocaine & Rhinestones: The History of Country Music
c9969860076cc3478751601d8f325256,Who? Weekly
f71673b0ff234ff54d2a56d81638b544,The Read
ce13112f4ae0fd664ebfb4f549b841fa,Macro Voices
db95d044230365b900c50e45c12209ae,The CouRage and Nadeshot Show
c0a88c0d4805cf60bb90ca34337438f4,The Next Right Thing
c692ee52722021bbda6c0628845be84b,Something You Should Know
f42b4160ff9b8933d74c411ee40596ea,Food Heaven Podcast
cbf3e9bd047594488ffb3081ce239d6e,Talkin' Yanks (Yankees Podcast)
ff0f334b97d879f9c51bb81bf0b65f7a,"Dumb, Gay Politics"
f04aae174b95370afc28fa865cf72ae3,The Lawfare Podcast
c4f6ee92e48accf5e33c2c8fb8857830,Slow Burn
b6e2e0dcd8ad43c68e2a7b2314dd2bbd,You Made It Weird with Pete Holmes
f5f405721f37e3311a58f07da974c756,Pink Shade
b194e46279d6db1e61616039783f1b26,Skip and Shannon: Undisputed
c053d3206a36efd6e47d0f8d54678c22,The Natural State with Dr. Anthony Gustin
b757e3a00e3d47dbff22d6f056f07a4c,Taste Of Taylor
db832446b9912433df73c187be652d4d,The Minds of Madness - True Crime Stories
e6d40540af8578cbb9c5745cbc768710,True Crime Bullsh**
a79cb5d0a000af8fce05e2958100e5b0,Unobscured
e2051a64c5ddd3d3e6530369453b7bcc,Revolutions
c2eef89dd005fd97c88ae6a4191d3d78,Born to Impact
cfa58135b0f8efbae7db5a9004c7b24b,"Weird Darkness: Stories of the Paranormal, Supernatural, Legends, Lore, Mysterious, Macabre, Unsolve..."
b2157b8ece4524d1ad18414c9dfbc77f,Logically Irrational
aedcfbb946325439da74b5b4267fe265,Bill O’Reilly’s No Spin News and Analysis
cbefa3a5b2d9daa4bac28023b2c4ac4a,By The Book
b092a905ad5732310f18c9f505fd9b37,Duncan Trussell Family Hour
a0dcc13fd50bb25c866a8b9a2eca0f50,Gup's Corner Podcast Network #FFG
c54d17cdabe329c9af0e6a2e288fba41,Nothing much happens; bedtime stories to help you sleep
b3b1a59b522ca02c901d84a400f9a4ed,This is Love
bffe9d51afd8a6c6a89c7cbb06da788f,The Human Upgrade with Dave Asprey—formerly Bulletproof Radio
e8f17d52aaf96dcf78ce08ee27ac2107,Getting Curious with Jonathan Van Ness
c787f026dea80607a984c6693bb07e1c,Real Life Ghost Stories
f034c2c035198bcfd781907627876430,The Bible Binge
dda9360560ecf7b41c8646aa5a1c62b0,Rebel Force Radio: Star Wars Podcast
b33695f919e0503079f53c68db089520,Unlocking The Magic: Talking all things Disney World and Disneyland
b99f93a4924eb3a960d70ae263cd18a1,The Solid Verbal - College Football Podcast
c4eafea85540de95544b73777e19c696,The Sean Hannity Show
b797f4b76e5f45b0b09deb8e7b253222,The Breakfast Club
f2970432aad718a000ebac10e48ae6b0,Snap Judgment
e5ee0c95d99109b7d6d6de20b099d784,Ask Me Another
f9938eec02c773585575a091fe35c425,Ben Greenfield Fitness
e73ec1eeff38975c5d18bde247f832b3,Drag Her! A RuPaul's Drag Race Podcast
dd597792a74acca30a727a57dafaa5e4,THE UPSIDE with Callie and Jeff Dauler
f1532be08580cab6125c489e2376a7cd,The Storm: A Lost Rewatch Podcast
d71141b7843dd0057d0fdc95e6b22eb3,Dear Hank & John
cdfe385f2494f58cedfccd42f49a7db9,Political Gabfest
cfce9add2777e9ae8e5050de7388c92c,KFC Radio
e0e252c7d16499f9d745fe70b005341f,Teen Mom Trash Talk
f327bca8ec79cb02988d24120c67f5c3,Buckeye Talk: Ohio State podcast by cleveland.com
bb145b67da194cbc91342cce8fbb7282,Cal's Week in Review
e67c271f33180f585105be6d96f9b48f,Real Time with Bill Maher
d88f37a0834cc4d70dd4d118cad58650,No Dumb Questions
bc88c4c3783bb40a256b1965dfd926ca,You're Welcome with Hilary Rushford
a35d7506da847dc663abc777686a1831,Will You Accept This Rose?
c2adb71e6b51e1397b49e216e07f3cef,Build Your Tribe | Grow Your Business with Social Media
c7b33feccdf50a7ba450bf15a8fc1274,Hot Marriage. Cool Parents.
f93abf75f151870009e766af181dd98a,Small Doses with Amanda Seales
ff7a7524c7d671f0110df907a25cfe94,Chapo Trap House
dbff7172efd9adb50e02f573f43f983f,Pints With Aquinas
caba7b32181b486496ff69dc9a49d2f3,Medical Medium Podcast
e112d2738b4d1b51f826072a13333591,Yoga Girl: Conversations From The Heart
e7f28aa139959edd1540dc53448746fe,Talk Is Jericho
d9dd27d67513af6b0721fc63b492e67d,Legion of Skanks Podcast
b45c27151d9deaee73dd03675795cec5,Hell and Gone
d8e02c879218bf60e9966757d5747456,Ross Tucker Football Podcast: NFL Podcast
fed82d48037cbfb5d5a65a69497220cc,The History of Byzantium
fc32aac8fe942ed89feae0e164185912,The Axe Files with David Axelrod
a147b923b7a498b2db5a4af034c5d3e7,CrimeCon Presents: Shattered Souls
db45e4be97084c8d133d88cee1c97897,"Fundamental Health with Paul Saladino, MD"
b16332f51b9746dc5a97c7ce37644fc6,The Stacking Benjamins Show
e0f1b83a695f6edc47bc35cba39d99aa,Big Life Kids Podcast
bb9ba896707ab780a0a0956b7b2ded09,The Positive Head Podcast
db5b30cfb0043319e80b43b30071bb7a,Another Bachelor Podcast
eaf0048c493d201c40cc1850d78196e8,Exploring My Strange Bible
ab8d7b2cf42ff4d6e565857337694265,The PFF NFL Podcast
e3b005fbf7cbe25884d964bf96c9dd8f,An Acquired Taste Podcast
fe2f0190ec3d970fec5a5196fed572c9,WHOREible decisions
fb71702547a7539742dc43829e4bca7a,Nobody Listens to Paula Poundstone
a1bd4fde925cc1985d13f270d37bc5e8,Door Bumper Clear - Dirty Mo Media
fb269bcae900fdf2b2c20c9616085c5a,Missing
c900d5c01f9f5506283e230a2ede0c4e,Strange Bedfellows
a48683a50aa4100130f8432c27488c17,Sneak Attack!
d90450578efbe61b0b87d27c7c649273,The Kelly Roach Show
d58d098f5227ba67fefb62673aa1d854,Under The Skin with Russell Brand
d9f6fedc7a32407f3365af653d81cc13,The DIS Unplugged - A Weekly Roundtable Discussion About All Things Disney World
dc873a23e6b7861ba05f4a531c3bc921,Kwik Brain with Jim Kwik
a096fd53357d8ebd436f8e270cdb8947,Ellistronics
ba2060d59bbe0658c48f9ee52268cc22,Lexicon Valley
e657eef8b576e7a8f023e2b38699637f,Meditation Minis Podcast
ff3e96c4ea16eea53590e7c3964836b3,"Mueller, She Wrote"
abbdecf5e1cde3bb520c8e413a74d4ec,Business Coaching With Join Up Dots - Online Business Success The Easy Way !
f7a6b758379999bed1b76116ad531787,Bad With Money With Gaby Dunn
c0deaddd87c334ed4ae858f3aa358943,Elevation with Steven Furtick
aced38629d9ea9a6c6a7dfc935899ef3,Be Our Guest WDW Podcast
a4ff210666f7ade34e3b86f9080673c9,Strangers
bbf50575e6a544664646272db105d636,PARANORMAL PODCAST
a6cc4101cb004140936103e2ffbf8451,Listen Money Matters - Free your inner financial badass. All the stuff you should know about persona...
e853203063767cd03182118755f515e5,The RELEVANT Podcast
a4203a8f44a37a25a57a632603edd5d7,Heart of Dating
a31d39335052a75d0df014c3e8aa6757,The What Bitcoin Did Podcast
e60583b361eedd2da09618cf854b38ea,Unspooled
ca20a6789af556894759056506a58896,Ross Patterson Revolution!
b8d1fc1f4d92441bd6b8e74f77f1c9ff,Punch Up The Jam
a829b9d7da618a084c5702566b49f086,Brown Ambition
be3ef6444047190e8af5541d75d78a24,Darknet Diaries
afae447a96efcef63a8efd497bebade6,Mission To Zyxx
cb469cced4ad1e5496e89c9916b433dd,Androids & Aliens
c39241e5f2d16bd9577abc88fc668d4d,Cognitive Dissonance
a21fa119edfd50d4019f86ff9f1a70bc,Radiolab Presents: More Perfect
ff6e70d3ed948c205e5d879169ee34ef,The Whole View
c99253c57c787198792c85eb32b53cdb,Titus & Tate
ab238917116872cfcbc205e0c97f891a,The Smart Passive Income Online Business and Blogging Podcast
d87a09dc72d2914ab0ed9591d13b5ff3,
b9882bf2a7b5d0d2dfcab43a7be6d1c7,Nintendo Voice Chat
efb0dc7d3e8589b7b451c0efa3a85b3a,The Alarmist
cbab3a7774d52f260ff5313f6e01e4a3,Above & Beyond: Group Therapy
ca3622c926e0b4bf88750b796e19f0ad,Dead Meat Podcast
b5066b4354c538aed182699a2231103b,Web Crawlers
e28892fd142248a15b9d46b30ebd9d38,Journey to Manifesting with Sarah Prout
ce01126b8502ccb7a8075310ff9be831,Open Floor: SI's NBA Show
c1adb6ca5ca39575420fda03c099b037,Your Virtual Upline Podcast
c83c07e4db79816495c8692470220eb8,The Stacks
bead83f2330788f9e629cce951e1df99,Chat With Traders
e72fef562b39dd0db4be8ab63dc49486,Rooster Teeth Podcast
b4c3c3ebdd76e284f7d9fa358ac82030,Noah Kagan Presents
dd4e025b10818e7546db8d7eb51e75e7,Hollywood Handbook
a9ec350d48022068f1c5031d04cdf51d,Fantasy Focus Baseball
f2f6a2352b3b15c23543e1f5e24747de,Keto For Normies
a2068649ab1efcd5415164c36eedf4bf,Sofa King Podcast
d70cff7b7fdf0d9687b0d47fd1f70b97,Sworn
e7d6c4bdffba98ea2267f91a9a9a2763,Three of Seven Podcast
b913c95d304bac8b6cddf9034294eab7,PotterCast: The Harry Potter Podcast (since 2005)
f1a7cabd6127108563a0e38ae044b88a,Can He Do That?
b206c861cc9f3612a6986b7ea658dfa7,Sorta Awesome
b3357f42118f68bab994ae672fcdd4ed,FILL IN THE BLANK with Carlos Whittaker
c36290e5638a635c7a7e68025217679e,Going Deep with Chad and JT
d2da82feac2f430eb12a29a5ca22d0c5,The Genius Life
b70d658c901897359bb848cf876cbcbc,The Learning Leader Show With Ryan Hawk
eac806011f214e0874a7578a2dae319e,Schnitt Talk
e7c3b374df4babe5f5a423241b6ea3ad,Coffee Break French
df3e4d5d6ca5392713688d8bd3e4a8aa,Making Podcasts Great Again
c7f9080a38ec42689e444c53d81967bb,I Think You're Dope w/ Eric Nam
dda9b7add80d65687357f8bcca67b6f1,The Higherside Chats
d6ef1df72820e4fc2591f8c3a295b1b7,Team Never Quit
a145b05c1f310d835b6086fdb03493a9,Hurdle
ef6a9aca8968068f55a4bff21f23c1b0,The Rich Outdoors
b1ec4a3ba5ae6b8af1472e8de4e0c3a3,The World of Phil Hendrie
d18c9227a50c9eb96eb8ca25079630e7,The Talk Show With John Gruber
ec41f6b4cf6f92299f29e29ed9fa6b75,The BadChristian Podcast
b410d2cf2b6941b4a9673eb318f58012,Group Chat
b9d6a89be00dcbf097a5852ba7a36475,Start Today Morning Show
c3851c1173eb8e11edea1933c56d2bb0,The $100 MBA Show
bf5474a2c5638aa23ba52d95a2666b8d,"The Fat-Burning Man Show with Abel James: Real Food, Real Results"
cfdc22c82e0b7b16f4c8777cd2281fcf,"Jordan, Jesse GO!"
ea002527eadb0959ff1cdd22aad70d63,The Bad Crypto Podcast
d8f61fe7d9a3ba1bd96ceb4c3bf49ce6,The Friend Zone
b1c2c7abd8fdeea2605def73f767ecd4,Stop Podcasting Yourself
d49b8685539da1b53306eaa5ef3a4256,History on Fire
cda16e524f531510a27c8b43d2f4c3f4,Danish and O'Neill
ed521a8b079260792b32277c2f8ecb36,Mac Geek Gab (Enhanced AAC)
cd2e146063073383e106c2ec8a84a554,Historical Figures
a724b8df7b140bf29d647f7dda251456,Ellen on the Go
d921639c7fad6605caa1353cad306f18,Superego
ccf96e432a67f3870db1fb25fe509046,Bullseye with Jesse Thorn
cc91ae5da9e4702a8596c42d3347a8e3,Penn's Sunday School
b61de95fa84608350836ed76b0243eef,The Peter Attia Drive
cc5dee5e2fcfd4cd7e51b82788e1607a,Knowledge Fight
b7bf8724fe030bd03aae3d204c10deb4,World of Warcast: A World of Warcraft Podcast
a41a37a1e7e704a6f30bd8e979ba2ea3,
d3aaa06464f56a17cbdc8bb6487b99bc,Darkness Prevails Podcast | TRUE Horror Stories
d925f1c45ee0a2e3b17e8ef961099a38,Waveform: The MKBHD Podcast
ff7b422aa935b6a36a9ecb7148864be7,Critical Hit: A Major Spoilers RPG Podcast
e64fd81315a8c405e0237b3adde42a5c,Knitting Pipeline
ee741fb5f688e82986d8cf5d5746b195,The Big Boo Cast
da7a69f3cef57ae817daeda11e69eda4,Short Story Long
f9aeedc7519caaa19ae2bea0aed234e7,
d56f2cb3c5e10e4d7793046db261ed8a,Fat Man Beyond
cfee2dc865a6e16483e4c6dd73276077,
dc4f2b92fc02836e1e9ce24560f2c308,The Angry Chicken: A Hearthstone & Battlegrounds Podcast
e434f25919f4ce7bfcf364207aeb4f2b,Sooo Many White Guys
